name,age,email,phone,date,JobRole
Muriel,43,murieldelaney@plasmos.com,+443305301938,11/01/2017,admin
Vanessa,42,vanessadelaney@plasmos.com,+443305301938,06/07/2017,admin
Meredith,54,meredithdelaney@plasmos.com,+443305301938,31/01/2018,admin
Lynn,50,lynndelaney@plasmos.com,+443305301938,11/01/2017,manager
Savage,63,savagedelaney@plasmos.com,+443305301938,31/01/2018,admin
Erika,29,erikadelaney@plasmos.com,+443305301938,11/01/2017,admin
Elliott,72,elliottdelaney@plasmos.com,+443305301938,06/07/2017,admin
Chelsea,55,chelseadelaney@plasmos.com,+443305301938,31/01/2018,manager
Newman,65,newmandelaney@plasmos.com,+443305301938,06/07/2017,admin
Nixon,66,nixondelaney@plasmos.com,+443305301938,31/01/2018,admin
Bass,34,bassdelaney@plasmos.com,+443305301938,30/04/2018,manager
Madeline,58,madelinedelaney@plasmos.com,+443305301938,30/04/2018,admin
Aurora,24,auroradelaney@plasmos.com,+443305301938,02/01/2018,admin
Darcy,23,darcydelaney@plasmos.com,+443305301938,11/01/2017,admin
Walls,48,wallsdelaney@plasmos.com,+443305301938,02/01/2018,admin
Barr,58,barrdelaney@plasmos.com,+443305301938,31/01/2018,admin
Manning,76,manningdelaney@plasmos.com,+443305301938,30/04/2018,admin
Ellis,77,ellisdelaney@plasmos.com,+443305301938,02/01/2018,manager
Waller,70,wallerdelaney@plasmos.com,+443305301938,06/07/2017,admin
Hickman,32,hickmandelaney@plasmos.com,+443305301938,11/01/2017,manager
Sullivan,25,sullivandelaney@plasmos.com,+443305301938,06/07/2017,manager
Cervantes,46,cervantesdelaney@plasmos.com,+443305301938,31/01/2018,manager
Carissa,55,carissadelaney@plasmos.com,+443305301938,02/01/2018,admin
Paul,52,pauldelaney@plasmos.com,+443305301938,30/04/2018,admin
Natalie,74,nataliedelaney@plasmos.com,+443305301938,30/04/2018,manager
Juliana,39,julianadelaney@plasmos.com,+443305301938,30/04/2018,admin
Cherie,37,cheriedelaney@plasmos.com,+443305301938,30/04/2018,manager
Gena,25,genadelaney@plasmos.com,+443305301938,06/07/2017,manager
Carla,28,carladelaney@plasmos.com,+443305301938,30/04/2018,admin
Jacklyn,30,jacklyndelaney@plasmos.com,+443305301938,06/07/2017,admin
Parsons,26,parsonsdelaney@plasmos.com,+443305301938,11/01/2017,manager
Lori,53,loridelaney@plasmos.com,+443305301938,31/01/2018,manager
Jensen,33,jensendelaney@plasmos.com,+443305301938,30/04/2018,manager
Hurley,69,hurleydelaney@plasmos.com,+443305301938,31/01/2018,manager
Watson,50,watsondelaney@plasmos.com,+443305301938,31/01/2018,manager
Malone,28,malonedelaney@plasmos.com,+443305301938,02/01/2018,manager
Minerva,22,minervadelaney@plasmos.com,+443305301938,02/01/2018,manager
Christine,45,christinedelaney@plasmos.com,+443305301938,06/07/2017,manager
Evans,39,evansdelaney@plasmos.com,+443305301938,30/04/2018,admin
Benson,22,bensondelaney@plasmos.com,+443305301938,11/01/2017,admin
Chan,64,chandelaney@plasmos.com,+443305301938,30/04/2018,manager
Sargent,53,sargentdelaney@plasmos.com,+443305301938,11/01/2017,manager
Louella,70,louelladelaney@plasmos.com,+443305301938,11/01/2017,manager
Anthony,57,anthonydelaney@plasmos.com,+443305301938,06/07/2017,manager
Jewel,31,jeweldelaney@plasmos.com,+443305301938,11/01/2017,admin
Mcknight,43,mcknightdelaney@plasmos.com,+443305301938,06/07/2017,admin
Jordan,+44,jordandelaney@plasmos.com,+443305301938,30/04/2018,manager
Pansy,54,pansydelaney@plasmos.com,+443305301938,02/01/2018,manager
Tran,25,trandelaney@plasmos.com,+443305301938,30/04/2018,manager
Kristy,80,kristydelaney@plasmos.com,+443305301938,31/01/2018,manager
Alfreda,62,alfredadelaney@plasmos.com,+443305301938,02/01/2018,manager
Dorothy,64,dorothydelaney@plasmos.com,+443305301938,02/01/2018,admin
Olivia,75,oliviadelaney@plasmos.com,+443305301938,30/04/2018,manager
Carol,59,caroldelaney@plasmos.com,+443305301938,06/07/2017,manager
Blankenship,42,blankenshipdelaney@plasmos.com,+443305301938,06/07/2017,manager
Kate,64,katedelaney@plasmos.com,+443305301938,30/04/2018,admin
Catherine,47,catherinedelaney@plasmos.com,+443305301938,06/07/2017,admin
Leon,40,leondelaney@plasmos.com,+443305301938,02/01/2018,manager
Rosalind,49,rosalinddelaney@plasmos.com,+443305301938,06/07/2017,admin
Harrington,70,harringtondelaney@plasmos.com,+443305301938,11/01/2017,manager
Claudine,38,claudinedelaney@plasmos.com,+443305301938,02/01/2018,manager
Kennedy,36,kennedydelaney@plasmos.com,+443305301938,06/07/2017,manager
Rutledge,66,rutledgedelaney@plasmos.com,+443305301938,30/04/2018,manager
Carey,31,careydelaney@plasmos.com,+443305301938,30/04/2018,manager
Callahan,20,callahandelaney@plasmos.com,+443305301938,02/01/2018,admin
Kellie,42,kelliedelaney@plasmos.com,+443305301938,30/04/2018,admin
Flowers,42,flowersdelaney@plasmos.com,+443305301938,31/01/2018,admin
Oconnor,48,oconnordelaney@plasmos.com,+443305301938,31/01/2018,manager
Nolan,22,nolandelaney@plasmos.com,+443305301938,06/07/2017,manager
Murphy,31,murphydelaney@plasmos.com,+443305301938,02/01/2018,manager
Mindy,21,mindydelaney@plasmos.com,+443305301938,31/01/2018,admin
Patrice,22,patricedelaney@plasmos.com,+443305301938,31/01/2018,manager
Lena,67,lenadelaney@plasmos.com,+443305301938,02/01/2018,manager
Flynn,27,flynndelaney@plasmos.com,+443305301938,11/01/2017,admin
Natasha,63,natashadelaney@plasmos.com,+443305301938,06/07/2017,admin
Bethany,64,bethanydelaney@plasmos.com,+443305301938,02/01/2018,admin
Holder,31,holderdelaney@plasmos.com,+443305301938,30/04/2018,manager
Dale,46,daledelaney@plasmos.com,+443305301938,11/01/2017,admin
Chapman,61,chapmandelaney@plasmos.com,+443305301938,30/04/2018,manager
Clark,74,clarkdelaney@plasmos.com,+443305301938,30/04/2018,admin
Corrine,52,corrinedelaney@plasmos.com,+443305301938,06/07/2017,manager
Sharpe,39,sharpedelaney@plasmos.com,+443305301938,06/07/2017,manager
Maggie,20,maggiedelaney@plasmos.com,+443305301938,02/01/2018,admin
Barron,69,barrondelaney@plasmos.com,+443305301938,31/01/2018,admin
Merrill,42,merrilldelaney@plasmos.com,+443305301938,06/07/2017,manager
Tamra,56,tamradelaney@plasmos.com,+443305301938,11/01/2017,admin
Henrietta,74,henriettadelaney@plasmos.com,+443305301938,11/01/2017,manager
Mabel,36,mabeldelaney@plasmos.com,+443305301938,06/07/2017,manager
Jessie,74,jessiedelaney@plasmos.com,+443305301938,06/07/2017,admin
Alston,+44,alstondelaney@plasmos.com,+443305301938,02/01/2018,manager
Dyer,71,dyerdelaney@plasmos.com,+443305301938,30/04/2018,admin
Tammie,57,tammiedelaney@plasmos.com,+443305301938,11/01/2017,manager
Winifred,30,winifreddelaney@plasmos.com,+443305301938,11/01/2017,admin
Francine,26,francinedelaney@plasmos.com,+443305301938,30/04/2018,admin
May,41,maydelaney@plasmos.com,+443305301938,30/04/2018,manager
Jordan,56,jordandelaney@plasmos.com,+443305301938,06/07/2017,admin
Pearson,77,pearsondelaney@plasmos.com,+443305301938,02/01/2018,manager
Latasha,55,latashadelaney@plasmos.com,+443305301938,31/01/2018,admin
Dorothea,23,dorotheadelaney@plasmos.com,+443305301938,06/07/2017,admin
Rosella,27,roselladelaney@plasmos.com,+443305301938,02/01/2018,admin
Phillips,64,phillipsdelaney@plasmos.com,+443305301938,06/07/2017,manager
Megan,29,megandelaney@plasmos.com,+443305301938,06/07/2017,manager
Floyd,33,floyddelaney@plasmos.com,+443305301938,11/01/2017,manager
Mathis,55,mathisdelaney@plasmos.com,+443305301938,30/04/2018,manager
Raymond,72,raymonddelaney@plasmos.com,+443305301938,11/01/2017,admin
Sykes,43,sykesdelaney@plasmos.com,+443305301938,06/07/2017,admin
Burns,35,burnsdelaney@plasmos.com,+443305301938,30/04/2018,manager
Mullins,48,mullinsdelaney@plasmos.com,+443305301938,31/01/2018,manager
Judith,56,judithdelaney@plasmos.com,+443305301938,30/04/2018,manager
Jones,38,jonesdelaney@plasmos.com,+443305301938,31/01/2018,admin
Martinez,30,martinezdelaney@plasmos.com,+443305301938,11/01/2017,admin
Gamble,24,gambledelaney@plasmos.com,+443305301938,30/04/2018,admin
Shannon,38,shannondelaney@plasmos.com,+443305301938,02/01/2018,admin
Rosa,60,rosadelaney@plasmos.com,+443305301938,11/01/2017,manager
Noble,23,nobledelaney@plasmos.com,+443305301938,31/01/2018,manager
Dawn,40,dawndelaney@plasmos.com,+443305301938,30/04/2018,manager
Nash,42,nashdelaney@plasmos.com,+443305301938,30/04/2018,manager
Julianne,35,juliannedelaney@plasmos.com,+443305301938,30/04/2018,manager
Carson,45,carsondelaney@plasmos.com,+443305301938,31/01/2018,manager
Rhea,36,rheadelaney@plasmos.com,+443305301938,11/01/2017,admin
Ramona,74,ramonadelaney@plasmos.com,+443305301938,11/01/2017,manager
Vaughan,54,vaughandelaney@plasmos.com,+443305301938,02/01/2018,admin
Delaney,29,delaneydelaney@plasmos.com,+443305301938,31/01/2018,manager
Mccullough,30,mcculloughdelaney@plasmos.com,+443305301938,31/01/2018,manager
Deidre,22,deidredelaney@plasmos.com,+443305301938,06/07/2017,manager
Kerr,56,kerrdelaney@plasmos.com,+443305301938,31/01/2018,manager
Therese,67,theresedelaney@plasmos.com,+443305301938,11/01/2017,admin
Vargas,68,vargasdelaney@plasmos.com,+443305301938,31/01/2018,admin
Ora,65,oradelaney@plasmos.com,+443305301938,31/01/2018,manager
Merle,21,merledelaney@plasmos.com,+443305301938,31/01/2018,admin
Rose,33,rosedelaney@plasmos.com,+443305301938,02/01/2018,admin
Christian,68,christiandelaney@plasmos.com,+443305301938,02/01/2018,manager
Finley,29,finleydelaney@plasmos.com,+443305301938,31/01/2018,admin
Stanton,57,stantondelaney@plasmos.com,+443305301938,02/01/2018,manager
Richard,75,richarddelaney@plasmos.com,+443305301938,06/07/2017,manager
Angie,22,angiedelaney@plasmos.com,+443305301938,11/01/2017,manager
Tate,67,tatedelaney@plasmos.com,+443305301938,31/01/2018,admin
Annmarie,63,annmariedelaney@plasmos.com,+443305301938,31/01/2018,manager
Logan,37,logandelaney@plasmos.com,+443305301938,31/01/2018,admin
Madge,69,madgedelaney@plasmos.com,+443305301938,11/01/2017,manager
Ruiz,72,ruizdelaney@plasmos.com,+443305301938,31/01/2018,manager
Park,45,parkdelaney@plasmos.com,+443305301938,02/01/2018,admin
Delores,53,deloresdelaney@plasmos.com,+443305301938,30/04/2018,manager
Haney,69,haneydelaney@plasmos.com,+443305301938,31/01/2018,admin
Taylor,79,taylordelaney@plasmos.com,+443305301938,30/04/2018,admin
Church,21,churchdelaney@plasmos.com,+443305301938,30/04/2018,admin
Meyers,32,meyersdelaney@plasmos.com,+443305301938,06/07/2017,admin
Hodges,69,hodgesdelaney@plasmos.com,+443305301938,06/07/2017,admin
Charmaine,71,charmainedelaney@plasmos.com,+443305301938,06/07/2017,admin
Janelle,22,janelledelaney@plasmos.com,+443305301938,30/04/2018,manager
Judy,25,judydelaney@plasmos.com,+443305301938,06/07/2017,manager
Kristen,22,kristendelaney@plasmos.com,+443305301938,30/04/2018,admin
Shields,32,shieldsdelaney@plasmos.com,+443305301938,11/01/2017,manager
Osborne,45,osbornedelaney@plasmos.com,+443305301938,11/01/2017,manager
Mcmillan,79,mcmillandelaney@plasmos.com,+443305301938,02/01/2018,manager
Dianna,22,diannadelaney@plasmos.com,+443305301938,31/01/2018,manager
Washington,70,washingtondelaney@plasmos.com,+443305301938,02/01/2018,manager
Griffith,72,griffithdelaney@plasmos.com,+443305301938,06/07/2017,manager
Christina,63,christinadelaney@plasmos.com,+443305301938,06/07/2017,manager
Lucia,40,luciadelaney@plasmos.com,+443305301938,30/04/2018,admin
Jane,78,janedelaney@plasmos.com,+443305301938,02/01/2018,admin
Tamika,47,tamikadelaney@plasmos.com,+443305301938,11/01/2017,admin
Sandra,76,sandradelaney@plasmos.com,+443305301938,06/07/2017,admin
Jefferson,21,jeffersondelaney@plasmos.com,+443305301938,31/01/2018,admin
Dean,59,deandelaney@plasmos.com,+443305301938,11/01/2017,manager
Rosalinda,46,rosalindadelaney@plasmos.com,+443305301938,30/04/2018,manager
Malinda,42,malindadelaney@plasmos.com,+443305301938,30/04/2018,admin
Maryann,58,maryanndelaney@plasmos.com,+443305301938,11/01/2017,manager
Taylor,42,taylordelaney@plasmos.com,+443305301938,30/04/2018,manager
Kathrine,75,kathrinedelaney@plasmos.com,+443305301938,02/01/2018,admin
Ayers,64,ayersdelaney@plasmos.com,+443305301938,11/01/2017,manager
Rivera,28,riveradelaney@plasmos.com,+443305301938,11/01/2017,admin
Mcdowell,67,mcdowelldelaney@plasmos.com,+443305301938,11/01/2017,manager
Joy,50,joydelaney@plasmos.com,+443305301938,11/01/2017,manager
Lola,63,loladelaney@plasmos.com,+443305301938,31/01/2018,manager
Crane,55,cranedelaney@plasmos.com,+443305301938,06/07/2017,admin
Medina,25,medinadelaney@plasmos.com,+443305301938,11/01/2017,manager
Opal,65,opaldelaney@plasmos.com,+443305301938,11/01/2017,admin
Tammi,49,tammidelaney@plasmos.com,+443305301938,06/07/2017,admin
Sophie,42,sophiedelaney@plasmos.com,+443305301938,30/04/2018,admin
Natalia,49,nataliadelaney@plasmos.com,+443305301938,11/01/2017,admin
Munoz,45,munozdelaney@plasmos.com,+443305301938,06/07/2017,manager
Jeanie,22,jeaniedelaney@plasmos.com,+443305301938,02/01/2018,admin
Simpson,66,simpsondelaney@plasmos.com,+443305301938,30/04/2018,manager
Glover,67,gloverdelaney@plasmos.com,+443305301938,31/01/2018,admin
Monique,47,moniquedelaney@plasmos.com,+443305301938,11/01/2017,admin
Cain,59,caindelaney@plasmos.com,+443305301938,06/07/2017,admin
Cathy,33,cathydelaney@plasmos.com,+443305301938,31/01/2018,admin
Karin,47,karindelaney@plasmos.com,+443305301938,06/07/2017,admin
Deanna,32,deannadelaney@plasmos.com,+443305301938,02/01/2018,admin
Karyn,51,karyndelaney@plasmos.com,+443305301938,30/04/2018,admin
Houston,63,houstondelaney@plasmos.com,+443305301938,06/07/2017,admin
Renee,37,reneedelaney@plasmos.com,+443305301938,30/04/2018,admin
Gwendolyn,27,gwendolyndelaney@plasmos.com,+443305301938,31/01/2018,manager
Veronica,36,veronicadelaney@plasmos.com,+443305301938,06/07/2017,manager
Sawyer,22,sawyerdelaney@plasmos.com,+443305301938,11/01/2017,admin
Shawna,69,shawnadelaney@plasmos.com,+443305301938,11/01/2017,admin
Rena,45,renadelaney@plasmos.com,+443305301938,30/04/2018,admin
Stokes,40,stokesdelaney@plasmos.com,+443305301938,11/01/2017,manager
Concepcion,26,concepciondelaney@plasmos.com,+443305301938,06/07/2017,admin
Carlson,21,carlsondelaney@plasmos.com,+443305301938,02/01/2018,manager
Bell,32,belldelaney@plasmos.com,+443305301938,11/01/2017,admin
Diana,73,dianadelaney@plasmos.com,+443305301938,02/01/2018,admin
Maryellen,25,maryellendelaney@plasmos.com,+443305301938,11/01/2017,admin
Roman,75,romandelaney@plasmos.com,+443305301938,11/01/2017,manager
Herminia,54,herminiadelaney@plasmos.com,+443305301938,11/01/2017,manager
Patty,70,pattydelaney@plasmos.com,+443305301938,30/04/2018,manager
Carrie,78,carriedelaney@plasmos.com,+443305301938,31/01/2018,admin
Brenda,67,brendadelaney@plasmos.com,+443305301938,11/01/2017,admin
Key,39,keydelaney@plasmos.com,+443305301938,02/01/2018,admin
Courtney,71,courtneydelaney@plasmos.com,+443305301938,11/01/2017,admin
Perkins,59,perkinsdelaney@plasmos.com,+443305301938,11/01/2017,admin
Aurelia,57,aureliadelaney@plasmos.com,+443305301938,02/01/2018,admin
Tessa,32,tessadelaney@plasmos.com,+443305301938,31/01/2018,admin
Susanna,21,susannadelaney@plasmos.com,+443305301938,31/01/2018,admin
Reba,53,rebadelaney@plasmos.com,+443305301938,31/01/2018,admin
Louise,+44,louisedelaney@plasmos.com,+443305301938,31/01/2018,admin
Schneider,73,schneiderdelaney@plasmos.com,+443305301938,31/01/2018,admin
Barnes,52,barnesdelaney@plasmos.com,+443305301938,11/01/2017,manager
Clare,36,claredelaney@plasmos.com,+443305301938,11/01/2017,manager
Chavez,67,chavezdelaney@plasmos.com,+443305301938,06/07/2017,manager
Velez,63,velezdelaney@plasmos.com,+443305301938,06/07/2017,manager
William,36,williamdelaney@plasmos.com,+443305301938,11/01/2017,manager
Corina,66,corinadelaney@plasmos.com,+443305301938,31/01/2018,manager
Rosetta,36,rosettadelaney@plasmos.com,+443305301938,02/01/2018,manager
Ashley,67,ashleydelaney@plasmos.com,+443305301938,06/07/2017,manager
Eloise,65,eloisedelaney@plasmos.com,+443305301938,30/04/2018,admin
Anastasia,20,anastasiadelaney@plasmos.com,+443305301938,11/01/2017,manager
Cox,28,coxdelaney@plasmos.com,+443305301938,02/01/2018,admin
Keller,41,kellerdelaney@plasmos.com,+443305301938,31/01/2018,manager
Gretchen,77,gretchendelaney@plasmos.com,+443305301938,06/07/2017,admin
Nita,75,nitadelaney@plasmos.com,+443305301938,06/07/2017,manager
Buckner,59,bucknerdelaney@plasmos.com,+443305301938,31/01/2018,admin
Nelson,54,nelsondelaney@plasmos.com,+443305301938,06/07/2017,manager
Nellie,38,nelliedelaney@plasmos.com,+443305301938,02/01/2018,admin
Austin,45,austindelaney@plasmos.com,+443305301938,02/01/2018,admin
Mays,61,maysdelaney@plasmos.com,+443305301938,02/01/2018,manager
Marisa,55,marisadelaney@plasmos.com,+443305301938,11/01/2017,admin
Virginia,38,virginiadelaney@plasmos.com,+443305301938,11/01/2017,manager
Rosalyn,77,rosalyndelaney@plasmos.com,+443305301938,02/01/2018,admin
Clayton,57,claytondelaney@plasmos.com,+443305301938,30/04/2018,manager
Manuela,68,manueladelaney@plasmos.com,+443305301938,06/07/2017,manager
Felicia,51,feliciadelaney@plasmos.com,+443305301938,30/04/2018,manager
Cecilia,20,ceciliadelaney@plasmos.com,+443305301938,30/04/2018,admin
Toni,20,tonidelaney@plasmos.com,+443305301938,31/01/2018,admin
Lee,55,leedelaney@plasmos.com,+443305301938,02/01/2018,manager
Tabitha,37,tabithadelaney@plasmos.com,+443305301938,06/07/2017,admin
Koch,65,kochdelaney@plasmos.com,+443305301938,31/01/2018,admin
Ware,42,waredelaney@plasmos.com,+443305301938,30/04/2018,manager
Monroe,50,monroedelaney@plasmos.com,+443305301938,30/04/2018,admin
Violet,26,violetdelaney@plasmos.com,+443305301938,11/01/2017,admin
Stanley,22,stanleydelaney@plasmos.com,+443305301938,31/01/2018,manager
Zimmerman,46,zimmermandelaney@plasmos.com,+443305301938,06/07/2017,admin
Keri,60,keridelaney@plasmos.com,+443305301938,06/07/2017,manager
King,40,kingdelaney@plasmos.com,+443305301938,11/01/2017,admin
Tia,50,tiadelaney@plasmos.com,+443305301938,11/01/2017,admin
Francis,63,francisdelaney@plasmos.com,+443305301938,31/01/2018,admin
Melody,71,melodydelaney@plasmos.com,+443305301938,02/01/2018,manager
Stefanie,41,stefaniedelaney@plasmos.com,+443305301938,30/04/2018,admin
Brooke,78,brookedelaney@plasmos.com,+443305301938,31/01/2018,manager
Hampton,73,hamptondelaney@plasmos.com,+443305301938,30/04/2018,manager
Neal,68,nealdelaney@plasmos.com,+443305301938,02/01/2018,manager
Smith,40,smithdelaney@plasmos.com,+443305301938,31/01/2018,manager
Barnett,53,barnettdelaney@plasmos.com,+443305301938,30/04/2018,admin
Latonya,77,latonyadelaney@plasmos.com,+443305301938,30/04/2018,admin
Joyner,49,joynerdelaney@plasmos.com,+443305301938,02/01/2018,admin
Connie,53,conniedelaney@plasmos.com,+443305301938,06/07/2017,manager
Lorie,80,loriedelaney@plasmos.com,+443305301938,31/01/2018,manager
Gray,64,graydelaney@plasmos.com,+443305301938,11/01/2017,manager
Shelly,21,shellydelaney@plasmos.com,+443305301938,06/07/2017,manager
Ortiz,71,ortizdelaney@plasmos.com,+443305301938,30/04/2018,manager
Knapp,58,knappdelaney@plasmos.com,+443305301938,31/01/2018,manager
Evelyn,27,evelyndelaney@plasmos.com,+443305301938,06/07/2017,manager
Cleveland,80,clevelanddelaney@plasmos.com,+443305301938,11/01/2017,admin
Ada,20,adadelaney@plasmos.com,+443305301938,06/07/2017,manager
Jami,26,jamidelaney@plasmos.com,+443305301938,30/04/2018,manager
Rivas,33,rivasdelaney@plasmos.com,+443305301938,31/01/2018,admin
Ramsey,65,ramseydelaney@plasmos.com,+443305301938,11/01/2017,admin
Marsh,54,marshdelaney@plasmos.com,+443305301938,30/04/2018,manager
Lowery,28,lowerydelaney@plasmos.com,+443305301938,02/01/2018,manager
Snider,24,sniderdelaney@plasmos.com,+443305301938,06/07/2017,manager
Gross,20,grossdelaney@plasmos.com,+443305301938,30/04/2018,manager
Pitts,30,pittsdelaney@plasmos.com,+443305301938,11/01/2017,manager
Valeria,39,valeriadelaney@plasmos.com,+443305301938,31/01/2018,admin
Katharine,40,katharinedelaney@plasmos.com,+443305301938,30/04/2018,admin
Tricia,59,triciadelaney@plasmos.com,+443305301938,31/01/2018,admin
Wise,27,wisedelaney@plasmos.com,+443305301938,02/01/2018,admin
Mckenzie,27,mckenziedelaney@plasmos.com,+443305301938,06/07/2017,manager
Cole,43,coledelaney@plasmos.com,+443305301938,11/01/2017,admin
Laurel,30,laureldelaney@plasmos.com,+443305301938,11/01/2017,admin
Burch,28,burchdelaney@plasmos.com,+443305301938,30/04/2018,admin
Bradley,79,bradleydelaney@plasmos.com,+443305301938,11/01/2017,manager
Lisa,58,lisadelaney@plasmos.com,+443305301938,11/01/2017,admin
Carrillo,53,carrillodelaney@plasmos.com,+443305301938,02/01/2018,admin
Lilia,21,liliadelaney@plasmos.com,+443305301938,11/01/2017,admin
Mcclain,42,mcclaindelaney@plasmos.com,+443305301938,31/01/2018,admin
Ann,78,anndelaney@plasmos.com,+443305301938,11/01/2017,admin
Valerie,24,valeriedelaney@plasmos.com,+443305301938,06/07/2017,admin
Stout,43,stoutdelaney@plasmos.com,+443305301938,31/01/2018,admin
Horne,73,hornedelaney@plasmos.com,+443305301938,30/04/2018,manager
Hunt,75,huntdelaney@plasmos.com,+443305301938,02/01/2018,manager
Allyson,33,allysondelaney@plasmos.com,+443305301938,11/01/2017,admin
Melton,64,meltondelaney@plasmos.com,+443305301938,06/07/2017,admin
Gallegos,48,gallegosdelaney@plasmos.com,+443305301938,31/01/2018,manager
Doyle,53,doyledelaney@plasmos.com,+443305301938,06/07/2017,admin
Salas,27,salasdelaney@plasmos.com,+443305301938,31/01/2018,admin
Huber,74,huberdelaney@plasmos.com,+443305301938,11/01/2017,manager
Burris,39,burrisdelaney@plasmos.com,+443305301938,31/01/2018
Luz,76,luzdelaney@plasmos.com,+443305301938,admin
Schwartz,24,admin
Boone,46,boonedelaney@plasmos.com,+443305301938,31/01/2018,admin
Wendy,75,wendydelaney@plasmos.com,+443305301938,06/07/2017,admin
